filename,width,height,class,xmin,ymin,xmax,ymax
001.tif,2448,1920,BTA,1273,35,1350,97
002.tif,2448,1920,BTA,207,545,282,583
002.tif,2448,1920,BTA,171,1465,229,1492
002.tif,2448,1920,BTA,1122,191,1142,224
002.tif,2448,1920,BTA,1143,224,1185,258
003.tif,2448,1920,BTA,669,213,720,258
003.tif,2448,1920,BTA,804,134,826,202
003.tif,2448,1920,BTA,752,937,794,982
003.tif,2448,1920,BTA,2312,676,2357,716
003.tif,2448,1920,BTA,1380,529,1443,585
004.tif,2448,1920,BTA,699,362,760,379
004.tif,2448,1920,BTA,1077,535,1141,565
004.tif,2448,1920,BTA,349,696,380,719
004.tif,2448,1920,BTA,307,694,349,721
004.tif,2448,1920,BTA,310,1330,358,1396
004.tif,2448,1920,BTA,2096,340,2193,369
004.tif,2448,1920,BTA,2007,505,2032,526
005.tif,2448,1920,BTA,1180,519,1207,560
005.tif,2448,1920,BTA,1095,1360,1136,1397
006.tif,2448,1920,BTA,571,198,618,292
007.tif,2448,1920,BTA,1038,307,1112,368
007.tif,2448,1920,BTA,1126,597,1205,630
008.tif,2448,1920,BTA,268,240,336,284
009.tif,2448,1920,BTA,162,397,197,488
009.tif,2448,1920,BTA,999,243,1058,318
009.tif,2448,1920,BTA,395,1488,445,1549
009.tif,2448,1920,BTA,968,1493,1080,1553
009.tif,2448,1920,BTA,951,1406,1003,1479
009.tif,2448,1920,BTA,1016,1497,1034,1580
009.tif,2448,1920,BTA,1679,1545,1723,1588
009.tif,2448,1920,BTA,1755,1743,1799,1771
009.tif,2448,1920,BTA,1806,1766,1832,1806
010.tif,2448,1920,BTA,2132,1,2180,53
010.tif,2448,1920,BTA,1899,188,1951,230
011.tif,2448,1920,BTA,843,940,862,1010
011.tif,2448,1920,BTA,941,613,970,667
011.tif,2448,1920,BTA,932,617,964,666
011.tif,2448,1920,BTA,1593,718,1711,819
011.tif,2448,1920,BTA,1888,81,1954,110
011.tif,2448,1920,BTA,1732,1040,1754,1116
011.tif,2448,1920,BTA,1762,1118,1801,1154
011.tif,2448,1920,BTA,1752,1154,1801,1203
011.tif,2448,1920,BTA,2284,358,2304,422
011.tif,2448,1920,BTA,2209,1121,2277,1153
011.tif,2448,1920,BTA,2362,1187,2392,1226
011.tif,2448,1920,BTA,2256,1227,2284,1261
011.tif,2448,1920,BTA,2374,1450,2402,1514
011.tif,2448,1920,BTA,1814,1436,1832,1501
012.tif,2448,1920,BTA,407,91,443,158
012.tif,2448,1920,BTA,940,234,981,273
013.tif,2448,1920,BTA,268,1,297,64
013.tif,2448,1920,BTA,1,1288,55,1308
013.tif,2448,1920,BTA,2316,1173,2382,1188
013.tif,2448,1920,BTA,2316,1156,2375,1179
014.tif,2448,1920,BTA,45,329,82,349
014.tif,2448,1920,BTA,305,819,368,880
014.tif,2448,1920,BTA,758,1147,821,1225
014.tif,2448,1920,BTA,703,1523,740,1562
014.tif,2448,1920,BTA,736,1555,777,1599
014.tif,2448,1920,BTA,1466,1838,1536,1908
014.tif,2448,1920,BTA,1712,1671,1764,1723
015.tif,2448,1920,BTA,1656,607,1750,692
015.tif,2448,1920,BTA,841,468,912,521
015.tif,2448,1920,BTA,1076,177,1115,242
015.tif,2448,1920,BTA,2385,1098,2421,1139
016.tif,2448,1920,BTA,145,103,186,145
016.tif,2448,1920,BTA,182,134,223,186
016.tif,2448,1920,BTA,168,212,251,251
016.tif,2448,1920,BTA,382,777,403,812
016.tif,2448,1920,BTA,401,832,432,877
016.tif,2448,1920,BTA,701,723,773,760
016.tif,2448,1920,BTA,649,543,699,573
016.tif,2448,1920,BTA,1682,1732,1703,1790
016.tif,2448,1920,BTA,968,1201,1003,1249
017.tif,2448,1920,BTA,21,1180,53,1239
017.tif,2448,1920,BTA,1285,1251,1353,1283
017.tif,2448,1920,BTA,2100,795,2129,845
017.tif,2448,1920,BTA,2218,1604,2303,1662
018.tif,2448,1920,BTA,1003,954,1129,1001
018.tif,2448,1920,BTA,1738,783,1768,859
018.tif,2448,1920,BTA,49,1042,110,1099
018.tif,2448,1920,BTA,623,1455,692,1490
018.tif,2448,1920,BTA,2368,386,2401,432
019.tif,2448,1920,BTA,1029,339,1062,401
019.tif,2448,1920,BTA,935,118,947,212
019.tif,2448,1920,BTA,144,904,182,933
019.tif,2448,1920,BTA,244,443,279,479
019.tif,2448,1920,BTA,2249,674,2302,719
020.tif,2448,1920,BTA,1312,1401,1330,1462
020.tif,2448,1920,BTA,1156,1823,1188,1873
021.tif,2448,1920,BTA,1403,936,1438,986
021.tif,2448,1920,BTA,421,1840,453,1920
021.tif,2448,1920,BTA,962,1840,993,1875
021.tif,2448,1920,BTA,1093,1693,1153,1760
022.tif,2448,1920,BTA,494,1433,544,1471
022.tif,2448,1920,BTA,556,1645,603,1680
022.tif,2448,1920,BTA,1165,1615,1229,1698
023.tif,2448,1920,BTA,1988,524,2041,551
024.tif,2448,1920,BTA,2026,1012,2082,1065
024.tif,2448,1920,BTA,197,1580,291,1639
024.tif,2448,1920,BTA,652,162,693,190
024.tif,2448,1920,BTA,643,137,691,160
024.tif,2448,1920,BTA,1294,1001,1333,1029
024.tif,2448,1920,BTA,1271,1029,1307,1052
024.tif,2448,1920,BTA,718,1724,733,1771
025.tif,2448,1920,BTA,126,418,150,515
025.tif,2448,1920,BTA,129,518,153,586
025.tif,2448,1920,BTA,1668,824,1726,857
025.tif,2448,1920,BTA,1829,777,1906,821
025.tif,2448,1920,BTA,2279,251,2315,330
026.tif,2448,1920,BTA,338,789,382,859
026.tif,2448,1920,BTA,368,789,409,818
026.tif,2448,1920,BTA,262,1771,338,1851
026.tif,2448,1920,BTA,1085,1121,1129,1154
026.tif,2448,1920,BTA,94,1436,179,1468
026.tif,2448,1920,BTA,1303,677,1353,715
027.tif,2448,1920,BTA,1635,1015,1697,1057
027.tif,2448,1920,BTA,276,745,359,804
027.tif,2448,1920,BTA,1729,1798,1791,1815
028.tif,2448,1920,BTA,1285,1057,1315,1112
029.tif,2448,1920,BTA,415,804,497,845
029.tif,2448,1920,BTA,1150,133,1235,212
029.tif,2448,1920,BTA,1512,668,1579,748
030.tif,2448,1920,BTA,1018,542,1091,574
030.tif,2448,1920,BTA,2129,1642,2150,1736
030.tif,2448,1920,BTA bergerombol,584,1180,627,1258
030.tif,2448,1920,BTA,1023,1712,1101,1753
031.tif,2448,1920,BTA,603,154,712,215
031.tif,2448,1920,BTA,1350,933,1423,965
032.tif,2448,1920,BTA,1897,1030,1965,1068
032.tif,2448,1920,BTA,1621,1077,1682,1130
032.tif,2448,1920,BTA,1568,1124,1626,1177
033.tif,2448,1920,BTA,394,159,453,207
034.tif,2448,1920,BTA,412,1407,515,1495
035.tif,2448,1920,BTA,2265,1424,2318,1471
035.tif,2448,1920,BTA,1635,1262,1685,1298
035.tif,2448,1920,BTA,1623,1280,1688,1312
036.tif,2448,1920,BTA,1350,168,1412,215
036.tif,2448,1920,BTA,1812,889,1853,939
036.tif,2448,1920,BTA,2115,118,2173,177
037.tif,2448,1920,BTA,579,886,700,948
037.tif,2448,1920,BTA,1573,489,1626,586
037.tif,2448,1920,BTA,991,1321,1023,1380
038.tif,2448,1920,BTA,791,559,829,627
038.tif,2448,1920,BTA,753,201,782,259
038.tif,2448,1920,BTA,659,1101,726,1124
038.tif,2448,1920,BTA,1026,1271,1065,1374
038.tif,2448,1920,BTA,1906,1818,2006,1901
039.tif,2448,1920,BTA,809,201,853,251
040.tif,2448,1920,BTA,2053,295,2106,342
040.tif,2448,1920,BTA,2294,751,2350,886
041.tif,2448,1920,BTA,1100,245,1129,327
041.tif,2448,1920,BTA,2271,915,2332,942
041.tif,2448,1920,BTA,2223,1077,2265,1130
041.tif,2448,1920,BTA,2162,777,2188,845
041.tif,2448,1920,BTA,2023,804,2065,886
041.tif,2448,1920,BTA,2185,474,2218,518
042.tif,2448,1920,BTA,300,1007,332,1068
042.tif,2448,1920,BTA,106,198,144,227
042.tif,2448,1920,BTA,1826,1112,1894,1130
042.tif,2448,1920,BTA,2262,309,2335,357
043.tif,2448,1920,BTA,532,1277,629,1345
043.tif,2448,1920,BTA,129,195,182,230
043.tif,2448,1920,BTA,35,180,94,224
043.tif,2448,1920,BTA,23,162,129,221
044.tif,2448,1920,BTA,865,1259,888,1327
044.tif,2448,1920,BTA,150,1621,221,1645
044.tif,2448,1920,BTA,1915,212,2000,312
045.tif,2448,1920,BTA,794,77,832,112
045.tif,2448,1920,BTA,1012,1548,1091,1589
045.tif,2448,1920,BTA,1288,1045,1326,1109
045.tif,2448,1920,BTA,829,942,873,1009
045.tif,2448,1920,BTA,912,1380,968,1495
045.tif,2448,1920,BTA,1750,945,1785,1036
046.tif,2448,1920,BTA,1140,868,1214,879
046.tif,2448,1920,BTA,1171,895,1227,956
046.tif,2448,1920,BTA,1377,1101,1464,1143
046.tif,2448,1920,BTA,1655,1125,1697,1149
046.tif,2448,1920,BTA,1610,1127,1660,1149
046.tif,2448,1920,BTA,1871,725,1921,753
046.tif,2448,1920,BTA,2164,753,2219,806
046.tif,2448,1920,BTA,2179,808,2212,866
046.tif,2448,1920,BTA,2208,812,2230,862
046.tif,2448,1920,BTA,2229,808,2245,862
046.tif,2448,1920,BTA,1969,899,2032,930
046.tif,2448,1920,BTA bergerombol,2305,610,2373,647
046.tif,2448,1920,BTA,1936,980,1980,1005
046.tif,2448,1920,BTA,1777,736,1830,756
047.tif,2448,1920,BTA,482,141,551,162
047.tif,2448,1920,BTA,457,129,532,147
047.tif,2448,1920,BTA,877,465,913,504
047.tif,2448,1920,BTA,613,640,665,662
047.tif,2448,1920,BTA,47,1076,112,1099
047.tif,2448,1920,BTA,1329,1291,1352,1322
047.tif,2448,1920,BTA,1597,1597,1671,1615
047.tif,2448,1920,BTA,2121,1485,2163,1502
047.tif,2448,1920,BTA,2246,937,2322,949
047.tif,2448,1920,BTA,2285,966,2332,1022
047.tif,2448,1920,BTA,2351,1451,2385,1497
047.tif,2448,1920,BTA,2372,1494,2391,1544
047.tif,2448,1920,BTA,2187,1069,2226,1090
047.tif,2448,1920,BTA,2218,1071,2251,1091
048.tif,2448,1920,BTA,651,1155,671,1194
048.tif,2448,1920,BTA,291,1162,343,1183
048.tif,2448,1920,BTA,368,1168,404,1196
048.tif,2448,1920,BTA,346,1194,405,1213
048.tif,2448,1920,BTA,208,1283,258,1297
048.tif,2448,1920,BTA,238,1226,266,1294
048.tif,2448,1920,BTA,405,1455,454,1477
048.tif,2448,1920,BTA,429,1491,476,1507
048.tif,2448,1920,BTA,641,1319,730,1351
048.tif,2448,1920,BTA,266,1237,287,1277
048.tif,2448,1920,BTA,229,1794,263,1833
048.tif,2448,1920,BTA,201,1844,218,1897
048.tif,2448,1920,BTA,1199,1512,1241,1546
048.tif,2448,1920,BTA,1243,1513,1293,1549
048.tif,2448,1920,BTA,891,1554,980,1607
048.tif,2448,1920,BTA,1438,1416,1447,1469
048.tif,2448,1920,BTA,1357,1390,1388,1422
048.tif,2448,1920,BTA,1658,1408,1729,1430
048.tif,2448,1920,BTA,1576,1407,1596,1458
048.tif,2448,1920,BTA,1396,1344,1447,1394
048.tif,2448,1920,BTA,1930,915,1977,938
048.tif,2448,1920,BTA,2127,801,2155,852
048.tif,2448,1920,BTA,2069,733,2160,757
048.tif,2448,1920,BTA,1144,729,1210,754
048.tif,2448,1920,BTA,1494,1322,1521,1362
049.tif,2448,1920,BTA,493,904,521,955
049.tif,2448,1920,BTA,519,951,558,997
049.tif,2448,1920,BTA,1037,599,1069,622
049.tif,2448,1920,BTA,196,944,247,974
049.tif,2448,1920,BTA,152,1213,215,1243
049.tif,2448,1920,BTA,401,1385,429,1463
049.tif,2448,1920,BTA,488,1297,529,1357
049.tif,2448,1920,BTA,962,1351,1008,1390
049.tif,2448,1920,BTA,201,1563,213,1602
049.tif,2448,1920,BTA,1094,1757,1108,1815
049.tif,2448,1920,BTA,849,1091,890,1147
049.tif,2448,1920,BTA,622,743,669,782
049.tif,2448,1920,BTA,182,662,243,683
049.tif,2448,1920,BTA,363,490,413,519
049.tif,2448,1920,BTA,319,526,344,568
049.tif,2448,1920,BTA,1224,627,1285,669
049.tif,2448,1920,BTA,1049,982,1105,1030
049.tif,2448,1920,BTA,1299,787,1337,822
049.tif,2448,1920,BTA,1691,762,1763,813
049.tif,2448,1920,BTA,1779,1079,1871,1104
049.tif,2448,1920,BTA bergerombol,1687,176,1744,230
049.tif,2448,1920,BTA,1691,262,1719,326
049.tif,2448,1920,BTA,2374,485,2429,505
049.tif,2448,1920,BTA,1877,1824,1896,1855
049.tif,2448,1920,BTA,1876,1854,1891,1902
049.tif,2448,1920,BTA,1822,1760,1857,1791
049.tif,2448,1920,BTA,1743,1743,1777,1785
049.tif,2448,1920,BTA,1715,1762,1762,1794
049.tif,2448,1920,BTA,1485,1632,1533,1647
049.tif,2448,1920,BTA,2193,1597,2241,1616
050.tif,2448,1920,BTA bergerombol,118,429,194,488
050.tif,2448,1920,BTA,151,630,218,646
050.tif,2448,1920,BTA,663,652,697,668
050.tif,2448,1920,BTA,705,624,732,654
050.tif,2448,1920,BTA,322,1751,365,1771
050.tif,2448,1920,BTA,193,1463,229,1491
050.tif,2448,1920,BTA,227,1485,263,1521
050.tif,2448,1920,BTA,743,1363,771,1419
050.tif,2448,1920,BTA,918,993,994,1018
050.tif,2448,1920,BTA,957,972,982,1005
050.tif,2448,1920,BTA,1224,737,1283,760
050.tif,2448,1920,BTA,1257,1060,1332,1080
050.tif,2448,1920,BTA,1229,1160,1258,1212
050.tif,2448,1920,BTA,205,710,251,727
050.tif,2448,1920,BTA,1174,751,1216,804
051.tif,2448,1920,BTA,865,454,904,490
051.tif,2448,1920,BTA,1077,155,1112,215
051.tif,2448,1920,BTA,904,430,941,451
051.tif,2448,1920,BTA,769,657,827,694
051.tif,2448,1920,BTA,822,682,865,719
051.tif,2448,1920,BTA bergerombol,1208,501,1288,557
051.tif,2448,1920,BTA,1201,390,1238,424
051.tif,2448,1920,BTA,447,1068,505,1099
051.tif,2448,1920,BTA,1112,951,1154,997
051.tif,2448,1920,BTA,1240,699,1312,713
051.tif,2448,1920,BTA,1302,782,1351,794
051.tif,2448,1920,BTA,2301,805,2383,830
051.tif,2448,1920,BTA,2347,1127,2424,1152
051.tif,2448,1920,BTA,2319,1224,2354,1279
051.tif,2448,1920,BTA,1755,721,1794,737
051.tif,2448,1920,BTA,1797,691,1826,724
051.tif,2448,1920,BTA,1585,218,1652,243
052.tif,2448,1920,BTA,800,674,841,709
052.tif,2448,1920,BTA,765,698,803,739
052.tif,2448,1920,BTA,904,1,940,57
052.tif,2448,1920,BTA,1252,801,1280,849
052.tif,2448,1920,BTA,1243,821,1274,851
052.tif,2448,1920,BTA,1027,1316,1062,1388
052.tif,2448,1920,BTA,646,1515,705,1533
052.tif,2448,1920,BTA,157,1491,202,1565
052.tif,2448,1920,BTA,1327,221,1380,233
052.tif,2448,1920,BTA,1365,230,1415,243
053.tif,2448,1920,BTA,65,410,132,441
053.tif,2448,1920,BTA,888,418,980,451
053.tif,2448,1920,BTA,1005,47,1037,83
053.tif,2448,1920,BTA,1357,757,1393,819
053.tif,2448,1920,BTA,2282,929,2319,954
053.tif,2448,1920,BTA,2251,955,2285,987
053.tif,2448,1920,BTA,1397,441,1455,463
053.tif,2448,1920,BTA,2183,2,2208,54
053.tif,2448,1920,BTA,2383,246,2419,304
054.tif,2448,1920,BTA,40,92,66,149
054.tif,2448,1920,BTA,373,221,416,258
054.tif,2448,1920,BTA,169,368,242,405
054.tif,2448,1920,BTA,193,642,249,660
054.tif,2448,1920,BTA,308,577,332,634
054.tif,2448,1920,BTA,208,766,245,808
054.tif,2448,1920,BTA,299,1197,338,1253
054.tif,2448,1920,BTA,869,1479,919,1545
054.tif,2448,1920,BTA,656,1021,703,1038
054.tif,2448,1920,BTA,825,986,855,1008
054.tif,2448,1920,BTA,1164,632,1193,688
054.tif,2448,1920,BTA,1253,601,1284,656
054.tif,2448,1920,BTA,1180,508,1206,571
054.tif,2448,1920,BTA,1203,566,1234,590
054.tif,2448,1920,BTA,1523,493,1588,525
055.tif,2448,1920,BTA,115,213,137,258
055.tif,2448,1920,BTA,49,91,65,137
055.tif,2448,1920,BTA,30,54,52,76
055.tif,2448,1920,BTA,1260,1863,1280,1918
056.tif,2448,1920,BTA,141,277,173,348
056.tif,2448,1920,BTA,1315,1336,1376,1354
056.tif,2448,1920,BTA,1450,1445,1494,1495
056.tif,2448,1920,BTA,1612,1371,1659,1445
056.tif,2448,1920,BTA,2076,1745,2129,1780
056.tif,2448,1920,BTA,559,1757,621,1801
057.tif,2448,1920,BTA,1947,399,1969,460
058.tif,2448,1920,BTA,735,486,771,542
058.tif,2448,1920,BTA,1459,845,1515,877
058.tif,2448,1920,BTA,1335,945,1397,974
058.tif,2448,1920,BTA,163,468,202,507
058.tif,2448,1920,BTA,926,544,985,582
058.tif,2448,1920,BTA,290,687,357,740
058.tif,2448,1920,BTA,1033,819,1080,849
058.tif,2448,1920,BTA,665,394,705,405
058.tif,2448,1920,BTA,637,402,677,438
058.tif,2448,1920,BTA,871,1451,915,1494
058.tif,2448,1920,BTA,902,1387,982,1405
058.tif,2448,1920,BTA,971,1351,993,1405
058.tif,2448,1920,BTA,968,1338,999,1374
058.tif,2448,1920,BTA,993,1382,1027,1421
059.tif,2448,1920,BTA,282,857,309,901
059.tif,2448,1920,BTA,341,715,426,777
059.tif,2448,1920,BTA,476,551,521,607
059.tif,2448,1920,BTA,873,259,906,324
059.tif,2448,1920,BTA,706,124,768,195
059.tif,2448,1920,BTA,835,24,912,54
059.tif,2448,1920,BTA,829,1471,850,1521
059.tif,2448,1920,BTA,944,1130,982,1171
059.tif,2448,1920,BTA,985,1483,1015,1542
059.tif,2448,1920,BTA,1718,1489,1768,1557
059.tif,2448,1920,BTA,1362,648,1403,695
059.tif,2448,1920,BTA,1418,492,1456,551
060.tif,2448,1920,BTA,1226,604,1268,668
060.tif,2448,1920,BTA,1088,765,1171,821
060.tif,2448,1920,BTA,1023,909,1056,951
060.tif,2448,1920,BTA,1621,318,1653,380
060.tif,2448,1920,BTA,1444,174,1512,236
060.tif,2448,1920,BTA,1691,1159,1729,1236
060.tif,2448,1920,BTA,1571,1518,1603,1568
060.tif,2448,1920,BTA,1735,1548,1765,1595
060.tif,2448,1920,BTA,2100,698,2153,742
061.tif,2448,1920,BTA,682,1486,721,1568
061.tif,2448,1920,BTA,888,954,941,1024
061.tif,2448,1920,BTA,1191,695,1229,742
061.tif,2448,1920,BTA,915,692,956,757
062.tif,2448,1920,BTA,112,754,144,789
062.tif,2448,1920,BTA,9,1383,50,1424
062.tif,2448,1920,BTA,221,1527,300,1557
062.tif,2448,1920,BTA,179,1545,256,1580
062.tif,2448,1920,BTA,903,1451,929,1504
062.tif,2448,1920,BTA,915,1230,944,1274
062.tif,2448,1920,BTA,829,1180,876,1230
062.tif,2448,1920,BTA,865,1054,888,1109
062.tif,2448,1920,BTA,676,345,718,401
062.tif,2448,1920,BTA,1279,689,1321,721
062.tif,2448,1920,BTA,2041,468,2109,521
063.tif,2448,1920,BTA,1226,939,1265,977
063.tif,2448,1920,BTA,1338,298,1365,345
063.tif,2448,1920,BTA,1444,1071,1503,1112
063.tif,2448,1920,BTA,1394,1107,1494,1145
063.tif,2448,1920,BTA,2121,1001,2144,1051
063.tif,2448,1920,BTA,2044,724,2103,771
063.tif,2448,1920,BTA,2123,777,2173,827
063.tif,2448,1920,BTA,2085,612,2115,677
064.tif,2448,1920,BTA,494,698,541,748
064.tif,2448,1920,BTA,59,309,97,386
065.tif,2448,1920,BTA,1109,377,1147,448
066.tif,2448,1920,BTA,594,371,644,436
066.tif,2448,1920,BTA,521,418,573,480
066.tif,2448,1920,BTA,773,486,826,527
066.tif,2448,1920,BTA,944,362,1015,433
066.tif,2448,1920,BTA,1023,715,1085,765
066.tif,2448,1920,BTA,1273,930,1323,989
067.tif,2448,1920,BTA bergerombol,544,454,644,545
067.tif,2448,1920,BTA,553,548,615,589
067.tif,2448,1920,BTA,241,545,297,580
067.tif,2448,1920,BTA,2041,1371,2112,1412
067.tif,2448,1920,BTA,765,1104,821,1159
067.tif,2448,1920,BTA,962,959,1044,1030
067.tif,2448,1920,BTA,1556,1077,1621,1151
067.tif,2448,1920,BTA,1629,1124,1703,1171
067.tif,2448,1920,BTA,2388,1242,2448,1283
068.tif,2448,1920,BTA,473,380,550,436
068.tif,2448,1920,BTA,882,1348,935,1374
068.tif,2448,1920,BTA,1241,1633,1273,1677
068.tif,2448,1920,BTA,1521,1486,1615,1518
068.tif,2448,1920,BTA,1765,1159,1818,1224
068.tif,2448,1920,BTA,1456,921,1500,951
068.tif,2448,1920,BTA,1406,865,1444,933
068.tif,2448,1920,BTA,1094,589,1129,657
068.tif,2448,1920,BTA,1821,765,1903,798
069.tif,2448,1920,BTA,1000,933,1059,1001
069.tif,2448,1920,BTA,956,1042,1032,1107
069.tif,2448,1920,BTA,759,1204,791,1280
069.tif,2448,1920,BTA,465,1357,523,1415
069.tif,2448,1920,BTA,1009,177,1071,201
069.tif,2448,1920,BTA,982,142,1021,201
069.tif,2448,1920,BTA,1,624,41,698
069.tif,2448,1920,BTA,1485,45,1573,74
069.tif,2448,1920,BTA,1823,462,1894,530
069.tif,2448,1920,BTA,1935,1189,1982,1233
069.tif,2448,1920,BTA,1276,1618,1315,1677
069.tif,2448,1920,BTA,1323,1721,1385,1786
070.tif,2448,1920,BTA,506,212,553,277
070.tif,2448,1920,BTA,844,404,891,436
070.tif,2448,1920,BTA,953,427,982,504
070.tif,2448,1920,BTA,1076,883,1103,939
070.tif,2448,1920,BTA,1015,883,1103,904
070.tif,2448,1920,BTA,1273,701,1306,768
070.tif,2448,1920,BTA,2285,239,2335,271
070.tif,2448,1920,BTA,2247,195,2297,268
070.tif,2448,1920,BTA,50,1109,91,1154
070.tif,2448,1920,BTA,853,1165,915,1209
070.tif,2448,1920,BTA,238,383,268,492
070.tif,2448,1920,BTA,2273,995,2335,1074
070.tif,2448,1920,BTA,2229,1095,2297,1165
070.tif,2448,1920,BTA,2026,1271,2056,1345
070.tif,2448,1920,BTA,1206,1533,1253,1592
071.tif,2448,1920,BTA,1929,1207,1956,1286
071.tif,2448,1920,BTA,1818,1174,1882,1207
071.tif,2448,1920,BTA,1482,986,1529,1068
071.tif,2448,1920,BTA,1021,1271,1050,1359
071.tif,2448,1920,BTA,135,1142,159,1201
071.tif,2448,1920,BTA,91,1077,118,1142
071.tif,2448,1920,BTA bergerombol,1173,68,1229,148
071.tif,2448,1920,BTA,1038,657,1091,677
071.tif,2448,1920,BTA,2000,1662,2059,1689
071.tif,2448,1920,BTA,2053,1671,2071,1727
071.tif,2448,1920,BTA,1503,1651,1547,1721
071.tif,2448,1920,BTA,2250,1483,2282,1551
071.tif,2448,1920,BTA,850,1483,888,1536
072.tif,2448,1920,BTA,1306,1212,1326,1280
072.tif,2448,1920,BTA,1262,1154,1291,1212
072.tif,2448,1920,BTA bergerombol,2353,151,2406,215
072.tif,2448,1920,BTA,2197,727,2259,762
073.tif,2448,1920,BTA,444,1245,503,1298
073.tif,2448,1920,BTA,659,727,691,789
073.tif,2448,1920,BTA,2097,818,2121,871
073.tif,2448,1920,BTA,1147,1451,1188,1521
073.tif,2448,1920,BTA,1444,1236,1497,1330
073.tif,2448,1920,BTA,1282,971,1321,1027
073.tif,2448,1920,BTA,1218,1657,1250,1724
074.tif,2448,1920,BTA,1762,1339,1815,1392
074.tif,2448,1920,BTA,1971,818,1988,892
075.tif,2448,1920,BTA,1218,1162,1253,1239
075.tif,2448,1920,BTA,1526,1130,1612,1154
075.tif,2448,1920,BTA,1476,1174,1541,1218
076.tif,2448,1920,BTA,1306,574,1368,648
076.tif,2448,1920,BTA,635,1333,703,1398
076.tif,2448,1920,BTA,800,1062,847,1095
076.tif,2448,1920,BTA,2023,1030,2062,1092
076.tif,2448,1920,BTA,2059,1168,2076,1236
076.tif,2448,1920,BTA,2223,1174,2291,1212
076.tif,2448,1920,BTA,2173,1365,2191,1424
076.tif,2448,1920,BTA,2312,1695,2385,1765
077.tif,2448,1920,BTA,1229,430,1285,504
077.tif,2448,1920,BTA,1071,704,1115,754
078.tif,2448,1920,BTA bergerombol,332,1189,432,1230
078.tif,2448,1920,BTA,1929,465,1997,530
078.tif,2448,1920,BTA,2038,1436,2076,1498
078.tif,2448,1920,BTA,1012,1280,1088,1315
078.tif,2448,1920,BTA,12,1077,68,1104
078.tif,2448,1920,BTA,18,1062,73,1086
078.tif,2448,1920,BTA,1771,736,1821,798
078.tif,2448,1920,BTA,482,609,541,659
078.tif,2448,1920,BTA,171,833,218,871
078.tif,2448,1920,BTA,623,483,700,542
078.tif,2448,1920,BTA,1215,1277,1253,1351
078.tif,2448,1920,BTA,1650,1533,1685,1577
078.tif,2448,1920,BTA,1721,1639,1747,1692
078.tif,2448,1920,BTA,1726,1174,1788,1283
078.tif,2448,1920,BTA,1679,1054,1723,1101
079.tif,2448,1920,BTA,288,736,329,774
079.tif,2448,1920,BTA,753,130,806,192
079.tif,2448,1920,BTA,779,21,823,101
079.tif,2448,1920,BTA bergerombol,1262,977,1329,1054
079.tif,2448,1920,BTA,982,971,1021,1001
079.tif,2448,1920,BTA,518,1430,556,1498
079.tif,2448,1920,BTA,1250,1304,1288,1357
079.tif,2448,1920,BTA,1562,1451,1626,1536
079.tif,2448,1920,BTA,2050,1530,2094,1612
079.tif,2448,1920,BTA,2279,1333,2303,1386
079.tif,2448,1920,BTA,2268,1333,2291,1398
079.tif,2448,1920,BTA,1765,480,1850,527
079.tif,2448,1920,BTA,976,636,1029,674
079.tif,2448,1920,BTA,629,1230,688,1286
080.tif,2448,1920,BTA,1976,207,2015,274
080.tif,2448,1920,BTA,2197,1045,2235,1086
080.tif,2448,1920,BTA,1050,1327,1100,1392
080.tif,2448,1920,BTA,1997,101,2053,168
080.tif,2448,1920,BTA,1500,801,1547,848
080.tif,2448,1920,BTA,1700,89,1723,148
081.tif,2448,1920,BTA,156,789,206,865
081.tif,2448,1920,BTA,900,727,985,792
081.tif,2448,1920,BTA,1176,909,1221,954
081.tif,2448,1920,BTA,1647,395,1671,468
081.tif,2448,1920,BTA,2109,651,2135,745
081.tif,2448,1920,BTA,1985,536,2023,633
081.tif,2448,1920,BTA,1271,1101,1294,1159
081.tif,2448,1920,BTA,1244,1127,1315,1189
082.tif,2448,1920,BTA,1379,862,1423,945
082.tif,2448,1920,BTA,2118,795,2188,854
082.tif,2448,1920,BTA,2397,983,2448,1027
083.tif,2448,1920,BTA,500,1615,547,1668
084.tif,2448,1920,BTA,1291,1021,1403,1089
084.tif,2448,1920,BTA,950,736,1018,801
084.tif,2448,1920,BTA,753,1783,800,1836
084.tif,2448,1920,BTA,1088,1359,1171,1401
084.tif,2448,1920,BTA,2226,1712,2268,1757
085.tif,2448,1920,BTA,1223,1304,1253,1354
085.tif,2448,1920,BTA,1238,1124,1279,1157
085.tif,2448,1920,BTA bergerombol,1456,1177,1544,1257
085.tif,2448,1920,BTA,1938,918,1962,962
086.tif,2448,1920,BTA,1376,665,1435,724
086.tif,2448,1920,BTA,1888,1315,1909,1383
086.tif,2448,1920,BTA,647,1471,723,1501
086.tif,2448,1920,BTA,885,689,921,751
086.tif,2448,1920,BTA,1206,862,1235,921
086.tif,2448,1920,BTA,1106,907,1173,927
087.tif,2448,1920,BTA,368,1571,415,1624
087.tif,2448,1920,BTA,400,1615,482,1639
087.tif,2448,1920,BTA,215,498,244,562
087.tif,2448,1920,BTA,471,109,512,177
087.tif,2448,1920,BTA,2112,654,2171,692
087.tif,2448,1920,BTA,997,721,1059,765
087.tif,2448,1920,BTA,1085,930,1112,1001
088.tif,2448,1920,BTA,329,1351,400,1424
088.tif,2448,1920,BTA,2023,1336,2079,1404
089.tif,2448,1920,BTA,1391,1,1444,68
089.tif,2448,1920,BTA,2197,151,2223,218
089.tif,2448,1920,BTA,1997,27,2059,68
089.tif,2448,1920,BTA,1738,80,1794,118
090.tif,2448,1920,BTA,1106,809,1185,904
090.tif,2448,1920,BTA,2123,839,2171,898
091.tif,2448,1920,BTA,603,801,671,830
091.tif,2448,1920,BTA,812,918,835,977
091.tif,2448,1920,BTA,1059,751,1100,777
091.tif,2448,1920,BTA,1000,771,1050,842
091.tif,2448,1920,BTA,1856,789,1879,857
091.tif,2448,1920,BTA,1782,818,1844,851
091.tif,2448,1920,BTA,350,839,409,889
091.tif,2448,1920,BTA,121,504,179,536
091.tif,2448,1920,BTA,1771,1489,1856,1518
092.tif,2448,1920,BTA,471,742,509,807
092.tif,2448,1920,BTA,76,765,135,801
092.tif,2448,1920,BTA,273,883,297,945
092.tif,2448,1920,BTA,662,818,721,842
092.tif,2448,1920,BTA,479,724,568,745
092.tif,2448,1920,BTA,1226,1462,1332,1483
092.tif,2448,1920,BTA,1253,786,1306,827
092.tif,2448,1920,BTA,1312,745,1335,804
093.tif,2448,1920,BTA,1176,627,1238,668
094.tif,2448,1920,BTA,1285,1401,1362,1465
094.tif,2448,1920,BTA,1047,1004,1132,1027
094.tif,2448,1920,BTA,1594,1077,1621,1157
094.tif,2448,1920,BTA,2062,1512,2106,1577
094.tif,2448,1920,BTA,2312,1542,2400,1577
094.tif,2448,1920,BTA,682,689,759,727
095.tif,2448,1920,BTA,1826,809,1873,857
095.tif,2448,1920,BTA,2044,1577,2097,1636
095.tif,2448,1920,BTA,1447,1557,1518,1580
095.tif,2448,1920,BTA,1465,1583,1532,1621
095.tif,2448,1920,BTA,1491,1474,1526,1562
096.tif,2448,1920,BTA,82,933,162,1004
096.tif,2448,1920,BTA,679,886,782,912
096.tif,2448,1920,BTA,1429,1068,1497,1104
096.tif,2448,1920,BTA,1412,1036,1488,1065
096.tif,2448,1920,BTA,2059,242,2115,298
096.tif,2448,1920,BTA,2135,283,2165,333
096.tif,2448,1920,BTA bergerombol,1285,515,1315,586
097.tif,2448,1920,BTA,191,618,241,718
097.tif,2448,1920,BTA,1271,530,1344,562
097.tif,2448,1920,BTA,1821,471,1882,509
097.tif,2448,1920,BTA,2050,1339,2123,1368
098.tif,2448,1920,BTA,747,842,779,951
098.tif,2448,1920,BTA,344,859,400,880
098.tif,2448,1920,BTA,456,1548,538,1571
098.tif,2448,1920,BTA,344,1280,432,1301
098.tif,2448,1920,BTA,97,1271,176,1292
098.tif,2448,1920,BTA,471,1386,526,1451
098.tif,2448,1920,BTA,1273,789,1359,824
098.tif,2448,1920,BTA,1500,630,1573,654
098.tif,2448,1920,BTA,1435,618,1506,659
098.tif,2448,1920,BTA,988,683,1032,712
098.tif,2448,1920,BTA,1791,818,1879,857
098.tif,2448,1920,BTA,2288,880,2350,915
098.tif,2448,1920,BTA,2318,809,2371,833
098.tif,2448,1920,BTA,1279,633,1329,668
098.tif,2448,1920,BTA,1112,451,1144,501
099.tif,2448,1920,BTA,603,745,715,786
099.tif,2448,1920,BTA,1115,809,1185,845
099.tif,2448,1920,BTA,1138,733,1203,768
099.tif,2448,1920,BTA,312,562,382,580
099.tif,2448,1920,BTA,250,559,335,586
099.tif,2448,1920,BTA,100,554,141,601
099.tif,2448,1920,BTA,76,712,197,751
099.tif,2448,1920,BTA,276,774,353,804
099.tif,2448,1920,BTA,1406,157,1432,224
099.tif,2448,1920,BTA,1323,1374,1397,1401
100.tif,2448,1920,BTA,206,1368,282,1412
100.tif,2448,1920,BTA bergerombol,1,1457,56,1595
100.tif,2448,1920,BTA,576,1180,603,1242
100.tif,2448,1920,BTA,44,974,103,1062
100.tif,2448,1920,BTA,41,704,97,786
100.tif,2448,1920,BTA,150,654,194,739
100.tif,2448,1920,BTA,1479,939,1568,971
100.tif,2448,1920,BTA,579,1759,647,1812
100.tif,2448,1920,BTA,12,1812,112,1886
100.tif,2448,1920,BTA,897,489,947,536
100.tif,2448,1920,BTA,629,627,673,677
100.tif,2448,1920,BTA,244,765,323,783
100.tif,2448,1920,BTA,1950,589,2015,618
100.tif,2448,1920,BTA,2229,598,2288,651
100.tif,2448,1920,BTA,1700,959,1750,1021
100.tif,2448,1920,BTA,1141,1592,1200,1630
100.tif,2448,1920,BTA,1432,1601,1497,1630
100.tif,2448,1920,BTA,1982,1657,2032,1698
100.tif,2448,1920,BTA,1500,459,1547,507
101.tif,2448,1920,BTA,494,736,606,771
101.tif,2448,1920,BTA bergerombol,1541,645,1641,771
101.tif,2448,1920,BTA,1476,659,1506,733
101.tif,2448,1920,BTA,1021,427,1059,504
102.tif,2448,1920,BTA,282,412,326,465
102.tif,2448,1920,BTA,315,412,338,474
102.tif,2448,1920,BTA,1638,424,1688,462
102.tif,2448,1920,BTA,471,927,535,948
102.tif,2448,1920,BTA,1379,1327,1423,1374
102.tif,2448,1920,BTA,1435,1374,1485,1424
102.tif,2448,1920,BTA,615,1368,700,1395
102.tif,2448,1920,BTA,2103,471,2165,545
102.tif,2448,1920,BTA,1826,24,1879,109
102.tif,2448,1920,BTA,1909,1418,1982,1465
102.tif,2448,1920,BTA,2362,959,2421,989
102.tif,2448,1920,BTA,1191,521,1247,574
102.tif,2448,1920,BTA,1909,1548,1976,1565
103.tif,2448,1920,BTA,291,354,315,415
103.tif,2448,1920,BTA,1403,889,1453,942
103.tif,2448,1920,BTA,1253,639,1338,677
103.tif,2448,1920,BTA,1491,842,1526,918
103.tif,2448,1920,BTA,2153,689,2179,748
103.tif,2448,1920,BTA,2082,821,2159,857
104.tif,2448,1920,BTA,1312,1168,1335,1224
104.tif,2448,1920,BTA,509,1333,591,1362
104.tif,2448,1920,BTA,341,1504,373,1554
104.tif,2448,1920,BTA,562,445,629,495
104.tif,2448,1920,BTA,706,457,718,518
104.tif,2448,1920,BTA,29,348,68,398
104.tif,2448,1920,BTA,1591,780,1644,818
104.tif,2448,1920,BTA,1332,727,1376,771
104.tif,2448,1920,BTA,1176,1495,1223,1557
104.tif,2448,1920,BTA,1021,1674,1050,1742
104.tif,2448,1920,BTA,1338,1783,1373,1857
104.tif,2448,1920,BTA,1818,830,1876,904
104.tif,2448,1920,BTA,1529,830,1594,912
104.tif,2448,1920,BTA,1579,833,1653,880
104.tif,2448,1920,BTA,1076,1451,1115,1507
105.tif,2448,1920,BTA,79,889,144,933
105.tif,2448,1920,BTA,703,880,771,904
105.tif,2448,1920,BTA,976,854,1029,892
105.tif,2448,1920,BTA,1029,839,1103,865
105.tif,2448,1920,BTA,1200,759,1268,821
105.tif,2448,1920,BTA,1532,868,1591,933
105.tif,2448,1920,BTA,2247,127,2303,180
105.tif,2448,1920,BTA,1973,77,2009,127
105.tif,2448,1920,BTA,1597,686,1626,754
105.tif,2448,1920,BTA,565,1448,606,1504
105.tif,2448,1920,BTA,450,515,544,545
105.tif,2448,1920,BTA bergerombol,1573,1309,1647,1383
105.tif,2448,1920,BTA,1291,895,1326,930
106.tif,2448,1920,BTA,1959,795,2009,842
106.tif,2448,1920,BTA,1203,721,1250,783
106.tif,2448,1920,BTA,1788,830,1832,883
106.tif,2448,1920,BTA,941,771,968,827
106.tif,2448,1920,BTA,1379,165,1444,204
106.tif,2448,1920,BTA,921,221,994,268
107.tif,2448,1920,BTA,694,898,723,974
107.tif,2448,1920,BTA,185,695,226,736
107.tif,2448,1920,BTA,697,277,753,298
107.tif,2448,1920,BTA,1509,57,1529,142
107.tif,2448,1920,BTA,882,1627,923,1677
107.tif,2448,1920,BTA,906,1674,953,1733
107.tif,2448,1920,BTA,1729,871,1759,933
107.tif,2448,1920,BTA,1553,880,1629,954
107.tif,2448,1920,BTA,1553,886,1612,951
107.tif,2448,1920,BTA,356,1271,453,1339
108.tif,2448,1920,BTA,1400,1012,1479,1071
108.tif,2448,1920,BTA,359,151,415,180
108.tif,2448,1920,BTA,1812,965,1835,1033
108.tif,2448,1920,BTA,2194,1118,2250,1180
108.tif,2448,1920,BTA,668,618,732,692
109.tif,2448,1920,BTA,1209,730,1256,795
109.tif,2448,1920,BTA,556,1468,597,1536
109.tif,2448,1920,BTA,806,1274,865,1318
109.tif,2448,1920,BTA,753,1415,791,1465
109.tif,2448,1920,BTA,859,1539,909,1586
109.tif,2448,1920,BTA,853,695,932,739
109.tif,2448,1920,BTA,1182,354,1265,383
109.tif,2448,1920,BTA,944,1795,1041,1821
109.tif,2448,1920,BTA,1123,74,1206,121
109.tif,2448,1920,BTA,1288,171,1359,227
109.tif,2448,1920,BTA,1723,330,1809,389
109.tif,2448,1920,BTA,897,283,982,336
109.tif,2448,1920,BTA,209,1221,291,1268
109.tif,2448,1920,BTA,412,1639,482,1677
109.tif,2448,1920,BTA bergerombol,694,124,865,177
110.tif,2448,1920,BTA,1247,436,1309,489
110.tif,2448,1920,BTA,947,665,985,754
110.tif,2448,1920,BTA,1515,501,1547,586
110.tif,2448,1920,BTA,1482,712,1547,780
110.tif,2448,1920,BTA,700,1424,729,1486
110.tif,2448,1920,BTA,59,1083,150,1127
110.tif,2448,1920,BTA,15,1171,50,1224
110.tif,2448,1920,BTA,629,1721,723,1777
110.tif,2448,1920,BTA,821,404,909,454
110.tif,2448,1920,BTA,1379,95,1426,148
110.tif,2448,1920,BTA,1600,359,1656,418
110.tif,2448,1920,BTA,2285,1742,2321,1809
111.tif,2448,1920,BTA,1100,1051,1135,1101
111.tif,2448,1920,BTA,776,921,873,995
111.tif,2448,1920,BTA,829,115,856,177
111.tif,2448,1920,BTA,1082,1242,1121,1289
112.tif,2448,1920,BTA,1226,139,1265,195
112.tif,2448,1920,BTA,1682,995,1726,1015
112.tif,2448,1920,BTA,2065,1133,2121,1192
112.tif,2448,1920,BTA,1791,1104,1853,1121
112.tif,2448,1920,BTA,1418,251,1456,324
113.tif,2448,1920,BTA bergerombol,741,565,832,657
113.tif,2448,1920,BTA bergerombol,1188,1095,1229,1183
113.tif,2448,1920,BTA,982,262,1050,292
113.tif,2448,1920,BTA,112,248,141,330
113.tif,2448,1920,BTA,553,48,600,121
113.tif,2448,1920,BTA,359,1418,418,1507
113.tif,2448,1920,BTA,468,1486,523,1565
113.tif,2448,1920,BTA,447,1574,479,1642
113.tif,2448,1920,BTA,1032,615,1079,677
113.tif,2448,1920,BTA,1012,733,1073,757
113.tif,2448,1920,BTA,1079,333,1109,457
113.tif,2448,1920,BTA,1576,1865,1621,1920
113.tif,2448,1920,BTA,2006,1830,2044,1862
113.tif,2448,1920,BTA,1732,1192,1791,1239
113.tif,2448,1920,BTA,1685,1259,1738,1324
114.tif,2448,1920,BTA bergerombol,888,1071,944,1142
114.tif,2448,1920,BTA,859,654,915,707
114.tif,2448,1920,BTA,641,798,691,827
114.tif,2448,1920,BTA,712,865,771,892
114.tif,2448,1920,BTA,641,524,685,571
114.tif,2448,1920,BTA,597,709,644,757
114.tif,2448,1920,BTA,459,180,503,257
114.tif,2448,1920,BTA,197,157,247,209
114.tif,2448,1920,BTA,1500,227,1582,257
114.tif,2448,1920,BTA,1415,312,1462,357
114.tif,2448,1920,BTA,1579,898,1650,924
114.tif,2448,1920,BTA,1806,1718,1865,1739
114.tif,2448,1920,BTA,1818,1730,1862,1771
114.tif,2448,1920,BTA,1350,1374,1379,1418
114.tif,2448,1920,BTA,1271,1448,1368,1489
114.tif,2448,1920,BTA,1397,1489,1423,1539
114.tif,2448,1920,BTA,1368,1536,1418,1589
114.tif,2448,1920,BTA,44,595,121,651
114.tif,2448,1920,BTA,2288,1015,2350,1077
114.tif,2448,1920,BTA,1494,1133,1591,1168
114.tif,2448,1920,BTA,1985,1765,2038,1786
115.tif,2448,1920,BTA,471,4,544,51
115.tif,2448,1920,BTA,429,1639,529,1674
115.tif,2448,1920,BTA,1453,1321,1506,1404
115.tif,2448,1920,BTA,1335,1421,1400,1451
115.tif,2448,1920,BTA,991,1101,1062,1130
115.tif,2448,1920,BTA,1747,1530,1788,1598
115.tif,2448,1920,BTA,2188,1707,2238,1757
115.tif,2448,1920,BTA,1394,1509,1432,1551
115.tif,2448,1920,BTA,1321,871,1362,939
115.tif,2448,1920,BTA,1626,1036,1697,1092
115.tif,2448,1920,BTA,1697,986,1744,1021
115.tif,2448,1920,BTA,1985,1201,2038,1248
115.tif,2448,1920,BTA,1921,1162,1971,1204
115.tif,2448,1920,BTA,1938,674,1997,733
115.tif,2448,1920,BTA,1865,524,1935,577
115.tif,2448,1920,BTA bergerombol,1688,36,1741,136
116.tif,2448,1920,BTA,394,162,453,204
117.tif,2448,1920,BTA,1988,527,2041,545
118.tif,2448,1920,BTA,609,142,703,212
118.tif,2448,1920,BTA,1356,930,1421,968
118.tif,2448,1920,BTA,1435,98,1500,118
119.tif,2448,1920,BTA,1029,589,1091,639
119.tif,2448,1920,BTA,1582,721,1641,771
119.tif,2448,1920,BTA,1088,345,1126,392
119.tif,2448,1920,BTA,1065,339,1115,389
119.tif,2448,1920,BTA,1882,633,1953,668
119.tif,2448,1920,BTA,1579,1509,1594,1580
119.tif,2448,1920,BTA,1321,1842,1350,1912
119.tif,2448,1920,BTA,1309,1824,1329,1920
119.tif,2448,1920,BTA,1282,1824,1323,1912
119.tif,2448,1920,BTA,1615,851,1682,912
120.tif,2448,1920,BTA,123,421,153,574
120.tif,2448,1920,BTA,1668,824,1735,854
120.tif,2448,1920,BTA,1823,780,1909,818
120.tif,2448,1920,BTA,2282,242,2312,330
121.tif,2448,1920,BTA,1165,1130,1253,1201
121.tif,2448,1920,BTA,444,1448,509,1521
121.tif,2448,1920,BTA,1382,1021,1450,1057
121.tif,2448,1920,BTA,2326,1089,2388,1112
122.tif,2448,1920,BTA,929,1130,991,1154
122.tif,2448,1920,BTA,1003,1071,1023,1145
122.tif,2448,1920,BTA,1238,1145,1294,1248
123.tif,2448,1920,BTA,185,1242,221,1327
124.tif,2448,1920,BTA,809,204,879,248
124.tif,2448,1920,BTA,976,24,1056,57
124.tif,2448,1920,BTA,1515,130,1541,177
124.tif,2448,1920,BTA,1173,386,1212,439
124.tif,2448,1920,BTA,1294,501,1347,551
124.tif,2448,1920,BTA,2229,539,2300,580
124.tif,2448,1920,BTA,785,1592,823,1662
124.tif,2448,1920,BTA,1938,1309,1965,1371
124.tif,2448,1920,BTA,1891,1304,1976,1348
124.tif,2448,1920,BTA,1994,1074,2050,1121
124.tif,2448,1920,BTA,1962,654,1991,707
124.tif,2448,1920,BTA,1956,633,2000,715
125.tif,2448,1920,BTA,73,1595,97,1657
125.tif,2448,1920,BTA,688,492,741,589
126.tif,2448,1920,BTA,1023,221,1073,259
126.tif,2448,1920,BTA,976,109,1050,133
126.tif,2448,1920,BTA,385,301,438,342
126.tif,2448,1920,BTA,18,107,97,157
126.tif,2448,1920,BTA,162,1477,215,1557
126.tif,2448,1920,BTA,621,839,673,892
126.tif,2448,1920,BTA,1647,1465,1671,1533
126.tif,2448,1920,BTA,1,342,65,374
126.tif,2448,1920,BTA,268,239,344,289
126.tif,2448,1920,BTA,447,851,509,886
126.tif,2448,1920,BTA,344,1289,371,1371
126.tif,2448,1920,BTA,323,1312,382,1339
127.tif,2448,1920,BTA,935,107,1018,130
127.tif,2448,1920,BTA,918,174,968,195
127.tif,2448,1920,BTA,659,301,744,333
127.tif,2448,1920,BTA,206,695,232,759
127.tif,2448,1920,BTA,447,659,476,774
127.tif,2448,1920,BTA,515,736,535,798
127.tif,2448,1920,BTA,465,142,568,165
127.tif,2448,1920,BTA,303,230,338,292
127.tif,2448,1920,BTA,3,42,85,107
127.tif,2448,1920,BTA,497,9,532,86
127.tif,2448,1920,BTA,1156,651,1203,689
127.tif,2448,1920,BTA,1465,1380,1532,1409
127.tif,2448,1920,BTA,1371,1489,1418,1536
127.tif,2448,1920,BTA,32,1315,109,1348
127.tif,2448,1920,BTA,1603,1171,1650,1230
127.tif,2448,1920,BTA,1979,857,2062,886
127.tif,2448,1920,BTA bergerombol,2026,895,2118,948
128.tif,2448,1920,BTA,2247,1192,2309,1218
129.tif,2448,1920,BTA,2068,498,2188,559
130.tif,2448,1920,BTA,276,792,323,871
130.tif,2448,1920,BTA,1321,1483,1341,1551
130.tif,2448,1920,BTA,1491,1633,1521,1692
130.tif,2448,1920,BTA,1106,1692,1129,1762
130.tif,2448,1920,BTA bergerombol,585,1762,712,1907
131.tif,2448,1920,BTA,1132,612,1191,671
131.tif,2448,1920,BTA,1106,254,1176,324
131.tif,2448,1920,BTA,356,292,432,342
131.tif,2448,1920,BTA,223,559,291,636
132.tif,2448,1920,BTA,376,921,429,1027
132.tif,2448,1920,BTA,153,936,232,1004
132.tif,2448,1920,BTA,153,539,223,574
132.tif,2448,1920,BTA,1215,677,1285,704
132.tif,2448,1920,BTA,765,871,826,889
132.tif,2448,1920,BTA,768,886,815,912
132.tif,2448,1920,BTA,2397,212,2429,254
132.tif,2448,1920,BTA,562,1121,603,1168
132.tif,2448,1920,BTA,568,1130,626,1215
132.tif,2448,1920,BTA,535,1107,603,1183
132.tif,2448,1920,BTA,1841,1536,1915,1604
133.tif,2448,1920,BTA,235,1212,273,1280
133.tif,2448,1920,BTA,1056,568,1132,624
133.tif,2448,1920,BTA,1073,515,1109,639
133.tif,2448,1920,BTA,2288,559,2365,607
133.tif,2448,1920,BTA,2244,607,2282,651
133.tif,2448,1920,BTA,1438,821,1523,859
133.tif,2448,1920,BTA,1868,777,1938,798
134.tif,2448,1920,BTA,506,927,553,1009
134.tif,2448,1920,BTA,391,1368,421,1415
134.tif,2448,1920,BTA,535,1795,568,1874
134.tif,2448,1920,BTA,1362,257,1426,312
134.tif,2448,1920,BTA,1653,857,1732,880
135.tif,2448,1920,BTA,873,1621,932,1668
135.tif,2448,1920,BTA,429,1727,532,1748
135.tif,2448,1920,BTA,873,754,956,792
135.tif,2448,1920,BTA,1718,1327,1821,1368
135.tif,2448,1920,BTA,2118,483,2185,501
135.tif,2448,1920,BTA,1956,1380,1985,1468
135.tif,2448,1920,BTA,2106,174,2159,195
136.tif,2448,1920,BTA,706,218,765,242
136.tif,2448,1920,BTA,1662,1189,1756,1218
136.tif,2448,1920,BTA,1662,1342,1747,1357
136.tif,2448,1920,BTA,1273,1395,1323,1436
136.tif,2448,1920,BTA,2091,971,2165,1033
136.tif,2448,1920,BTA,2253,1112,2306,1148
137.tif,2448,1920,BTA,309,42,391,118
138.tif,2448,1920,BTA,688,1559,723,1630
139.tif,2448,1920,BTA,818,171,873,224
139.tif,2448,1920,BTA,726,1242,753,1307
139.tif,2448,1920,BTA,1559,1374,1609,1451
139.tif,2448,1920,BTA,1553,1489,1609,1539
139.tif,2448,1920,BTA,209,974,253,1039
139.tif,2448,1920,BTA,2071,818,2129,862
139.tif,2448,1920,BTA,2271,1186,2329,1251
140.tif,2448,1920,BTA,1218,1577,1268,1636
140.tif,2448,1920,BTA,1909,1209,1929,1283
140.tif,2448,1920,BTA bergerombol,1265,1557,1362,1627
141.tif,2448,1920,BTA,2135,277,2185,333
142.tif,2448,1920,BTA,538,1139,612,1177
142.tif,2448,1920,BTA,73,1180,115,1221
142.tif,2448,1920,BTA,515,1048,576,1071
143.tif,2448,1920,BTA,1462,1377,1559,1430
143.tif,2448,1920,BTA,2335,557,2379,648
143.tif,2448,1920,BTA,2373,618,2429,642
143.tif,2448,1920,BTA bergerombol,1788,507,1835,592
144.tif,2448,1920,BTA bergerombol,1018,180,1062,221
145.tif,2448,1920,BTA bergerombol,1200,436,1300,507
145.tif,2448,1920,BTA,2282,992,2400,1042
145.tif,2448,1920,BTA,512,124,550,171
145.tif,2448,1920,BTA,1194,18,1241,48
146.tif,2448,1920,BTA,2179,409,2223,471
146.tif,2448,1920,BTA,1556,812,1582,859
146.tif,2448,1920,BTA,1200,1480,1265,1527
146.tif,2448,1920,BTA,1950,109,1979,171
147.tif,2448,1920,BTA,1838,1039,1871,1101
147.tif,2448,1920,BTA,1797,1224,1832,1277
148.tif,2448,1920,BTA,868,483,900,545
148.tif,2448,1920,BTA,1312,95,1376,124
149.tif,2448,1920,BTA,685,339,756,436
149.tif,2448,1920,BTA,1688,818,1706,915
149.tif,2448,1920,BTA,2076,195,2126,268
149.tif,2448,1920,BTA,609,704,641,757
150.tif,2448,1920,BTA,1762,439,1800,565
150.tif,2448,1920,BTA,1188,818,1250,862
150.tif,2448,1920,BTA,1771,918,1832,1012
150.tif,2448,1920,BTA,56,1736,126,1771
151.tif,2448,1920,BTA,2347,424,2388,545
151.tif,2448,1920,BTA,1591,1412,1656,1448
151.tif,2448,1920,BTA,523,1277,603,1309
151.tif,2448,1920,BTA,1085,1407,1182,1459
152.tif,2448,1920,BTA,1006,848,1041,912
152.tif,2448,1920,BTA,1538,1018,1588,1062
152.tif,2448,1920,BTA,1115,1639,1147,1701
152.tif,2448,1920,BTA,2153,1,2176,77
153.tif,2448,1920,BTA,332,948,379,1048
153.tif,2448,1920,BTA,103,1386,153,1468
153.tif,2448,1920,BTA,1406,930,1453,989
153.tif,2448,1920,BTA,1759,333,1800,357
153.tif,2448,1920,BTA,2003,457,2100,530
153.tif,2448,1920,BTA,973,1436,1003,1568
153.tif,2448,1920,BTA,1415,1298,1488,1330
153.tif,2448,1920,BTA,2215,962,2294,1036
154.tif,2448,1920,BTA,965,665,1026,727
154.tif,2448,1920,BTA,1132,1095,1223,1159
154.tif,2448,1920,BTA,1144,1074,1197,1151
154.tif,2448,1920,BTA,1862,1845,1956,1907
154.tif,2448,1920,BTA,1885,486,1923,571
154.tif,2448,1920,BTA,1897,1248,1935,1357
155.tif,2448,1920,BTA,168,580,209,668
155.tif,2448,1920,BTA,71,251,126,304
155.tif,2448,1920,BTA,191,568,232,618
155.tif,2448,1920,BTA,171,1268,282,1304
155.tif,2448,1920,BTA,444,1089,482,1177
155.tif,2448,1920,BTA,721,1689,747,1759
155.tif,2448,1920,BTA,988,707,1029,742
155.tif,2448,1920,BTA,1421,1483,1526,1565
155.tif,2448,1920,BTA,291,9,347,109
156.tif,2448,1920,BTA,103,1330,147,1407
157.tif,2448,1920,BTA,509,862,594,883
158.tif,2448,1920,BTA,2271,177,2338,204
159.tif,2448,1920,BTA,2138,1612,2176,1692
160.tif,2448,1920,BTA,782,557,818,633
160.tif,2448,1920,BTA,1059,374,1123,398
160.tif,2448,1920,BTA,835,477,921,504
